{
  "threshold": 0.55,
  "overall": 0.9875,
  "live": 1.0,
  "spoof": 0.9852941176470589,
  "far": 0.0,
  "frr": 0.014705882352941176,
  "freq_call": 0.0125
}