epoch,train_loss,train_acc,val_loss,val_acc
1,0.14762505861154446,0.9533333333333334,0.1700821770048166,0.9475
2,0.06108590302775459,0.9758333333333333,0.2399594890671256,0.933125
